;title;author;pub_house;price;link
0;Яма;Акунин Борис;АСТ;1005;/books/944277/
1;Евгений Онегин с комментариями Ю. М. Лотмана. В 2-х книгах;Пушкин, Лотман;Иллюминатор;1483;/books/924645/
2;Туманы Авалона. Том 1;Брэдли Мэрион Зиммер;Эксмо;2118;/books/900879/
3;Разрушительная любовь;Хуан Ана;Inspiria;378;/books/940350/
4;Королевская кровь-10. Стальные небеса;Котова Ирина Владимировна;Т8;2334;/books/940425/
5;Словно мы злодеи;Рио М. Л.;Дом историй;1175;/books/935886/
6;Блистательные годы. Гран-Канария;Кронин Арчибалд Джозеф;Иностранка;855;/books/948268/
7;Шестерка воронов;Бардуго Ли;АСТ;1083;/books/927035/
8;Мертвый кролик, живой кролик;Михалкова Елена Ивановна;АСТ;616;/books/946581/
9;Дон Кихот. В 2-х книгах;Сервантес Мигель де Сааведра;Речь;5255;/books/614556/
10;Спартак;Джованьоли Рафаэлло;Речь;1855;/books/717084/
11;Лисьи броды;Старобинец Анна Альфредовна;Рипол-Классик;1097;/books/851615/
12;Ковен озера Шамплейн. Трилогия;Гор Анастасия;Эксмо;2739;/books/900778/
13;Двериндариум. Живое;Суржевская Марина;Манн, Иванов и Фербер;834;/books/940186/
14;Восхождение фениксов;Тянься Гуйюань;Freedom;959;/books/944303/
15;Благословение небожителей. Том 3;Тунсю Мосян;Комильфо;1381;/books/895876/
16;Царство Страха;Манискалко Керри;АСТ;847;/books/945076/
17;Карело-финские мифы. От Калевалы и птицы-демиурга до чуди и саамов;Петрухин Владимир Яковлевич;Манн, Иванов и Фербер;899;/books/930327/
18;Присягнувшая Черепу;Стейвли Брайан;Азбука;880;/books/948267/
19;Испытание;Вульф Трейси;Like Book;1001;/books/938051/
20;Пятнадцатилетний капитан;Верн Жюль;Альфа-книга;896;/books/391041/
21;Мифы Поволжья. От Волчьего владыки и Мирового древа до культа змей и птицы счастья;Муравьева Татьяна Владимировна;Манн, Иванов и Фербер;899;/books/921953/
22;Земля Санникова. В 2-х томах;Обручев Владимир Афанасьевич;Лабиринт;5914;/books/795058/
23;Ведьмы Тихого ручья. Колдовской сезон;Дейд Айла;Freedom;667;/books/940139/
24;Исповедь демонолога;Сакрытина Мария Николаевна;Freedom;607;/books/940110/
25;Дом Кёко;Мисима Юкио;Иностранка;855;/books/948324/
26;Правила выживания в Джакарте. Подарочное издание;Цимеринг, Багрий;Манн, Иванов и Фербер;1372;/books/934349/
27;Просто Маса;Акунин Борис;АСТ;1135;/books/752339/
28;Мара и Морок. Подарочный комплект (футляр);Арден Лия;Эксмо;4292;/books/830144/
29;Разреженный воздух;Морган Ричард;АСТ;1194;/books/948775/
30;Свет в окошке. Земные пути. Колодезь;Логинов Святослав Владимирович;Азбука;1057;/books/949456/
31;Благословение небожителей. Том 2;Тунсю Мосян;Комильфо;1381;/books/852780/
32;Бронепароходы;Иванов Алексей Викторович;Рипол-Классик;1300;/books/921433/
33;Подвиги бригадира Жерара. Приключения бригадира Жерара;Дойл Артур Конан;Альфа-книга;496;/books/285728/
34;Благословение небожителей. Том 1;Тунсю Мосян;Комильфо;1265;/books/835686/
35;Крутой маршрут. Хроника времен культа личности;Гинзбург Евгения Соломоновна;Азбука;843;/books/941874/
36;Джек из Тени. Полное издание;Желязны Роджер;Эксмо;1911;/books/932882/
37;Трое из академии. Трое в долине;Лисина Александра;АСТ;513;/books/948206/
38;Глория. Трон одного мертвеца;Жильцова Наталья Сергеевна;Т8;1197;/books/947554/
39;Сын Зевса. В глуби веков. Герой Саламина;Воронкова Любовь Федоровна;Азбука;1057;/books/948194/
40;Баллада о змеях и певчих птицах;Коллинз Сьюзен;АСТ;577;/books/757906/
41;Капитан Арена;Дюма Александр;Вече;593;/books/949356/
42;Венская рапсодия;Дростен Юлия;Аркадия;576;/books/869221/
43;Война и мир. В 4-х томах.;Толстой Лев Николаевич;Речь;6948;/books/604732/
44;Скрытые намерения;Омер Майк;Inspiria;690;/books/944729/
45;Преступление и наказание;Достоевский Федор Михайлович;Манн, Иванов и Фербер;485;/books/936739/
46;Первый урок Шоломанчи;Новик Наоми;Эксмо;650;/books/927157/
47;Времеубежище;Господинов Георги;Поляндрия  No Age;1118;/books/941265/
48;Коко;Страуб Питер;АСТ;1356;/books/949277/
49;ПоэZия русского лета;Артис, Ватутина, Бергин;Эксмо;1590;/books/943011/
50;Луна над Сохо;Ааронович Бен;fanzon;738;/books/944343/
51;Семь престолов;Струкул Маттео;Аркадия;394;/books/785222/
52;Алая аура протопарторга. Абсолютно правдивые истории о кудесниках, магах и нечисти;Лукин Евгений Юрьевич;Азбука;1057;/books/948196/
53;Путешествие к себе. Большая Панда и Маленький Дракон. Медитативная история;Норбури Джеймс;Манн, Иванов и Фербер;1088;/books/859383/
54;Хозяйка Шварцвальда;Харт Уна;Inspiria;787;/books/942467/
55;Сломай меня;Брэнди Меган;Inspiria;756;/books/947442/
56;Мойры сплели свои нити;Степанова Татьяна Юрьевна;Эксмо;545;/books/945888/
57;Базар гоблинов и другие стихи;Россетти Кристина Джорджина;Октопус;3390;/books/717987/
58;Архивы Дрездена. История призрака. Холодные дни;Батчер Джим;Азбука;1057;/books/944938/
59;Тринадцать;Кавана Стив;Inspiria;583;/books/934637/
60;Проклятие теней и шипов;Эндрюс Л. Дж.;Freedom;554;/books/940158/
61;Кенилворт. Том 1;Скотт Вальтер;Вече;1186;/books/943252/
62;Черная стрела;Стивенсон Роберт Льюис;Издательский дом Мещерякова;3154;/books/564503/
63;Дракула;Стокер Брэм;Манн, Иванов и Фербер;526;/books/938875/
64;Тень евнуха;Кабре Жауме;Иностранка;855;/books/948192/
65;Тачдаун;Рэйн Сола;АСТ;533;/books/947190/
66;Звёздные войны. Расцвет Республики. Тропа обмана;Айрлэнд, Греттон;fanzon;738;/books/945883/
67;Профайлер;Ми Лэй;Inspiria;662;/books/935861/
68;Сказка сказок;Базиле Джамбаттиста;Иностранка;843;/books/942792/
69;Не злите добрую колдунью!;Ефиминюк Марина Владимировна;Эксмо;480;/books/944318/
70;Прыжок;Лукьяненко Сергей Васильевич;АСТ;774;/books/935626/
71;Гипотеза любви;Хейзелвуд Али;Манн, Иванов и Фербер;739;/books/842232/
72;Тихий Дон. В 4-х книгах;Шолохов Михаил Александрович;Речь;5168;/books/616505/
73;Легенды и мифы Древней Греции;Кун Николай Альбертович;Иллюминатор;1924;/books/877234/
74;Уснут не все;Нэвилл Адам;АСТ;623;/books/949167/
75;До февраля;Идиатуллин Шамиль Шаукатович;Редакция Елены Шубиной;902;/books/940800/
76;Петр Первый. В 2-х томах;Толстой Алексей Николаевич;Речь;2562;/books/624022/
77;Исповедь моего сердца;Оутс Джойс Кэрол;Текст;355;/books/746139/
78;Реки Лондона;Ааронович Бен;fanzon;650;/books/932879/
79;Обитель;Прилепин Захар;Редакция Елены Шубиной;1304;/books/434874/
80;Принц Ардена;Анри Софи;Freedom;607;/books/934417/
81;Галерея женщин. Цепи счастья;Драйзер Теодор;Иностранка;855;/books/950196/
82;Война и мир. Комлект из 2-х книг;Толстой Лев Николаевич;Азбука;1526;/books/914171/
83;Убийца в толпе. Шиллинг на свечи. Дело о похищении Бетти Кейн;Тэй Джозефина;Иностранка;875;/books/943925/
84;Трущобные люди. Мои скитания. Люди театра. Москва газетная. Москва и москвичи. Друзья и встречи;Гиляровский Владимир Алексеевич;Альфа-книга;1338;/books/907734/
85;Искра богов. Не люби меня;Вульф Мара;Freedom;607;/books/925663/
86;Мастер и Маргарита;Булгаков Михаил Афанасьевич;Верже;4838;/books/606810/
87;Чагин;Водолазкин Евгений Германович;Редакция Елены Шубиной;986;/books/882285/
88;Джевдет-бей и сыновья;Памук Орхан;Иностранка;911;/books/941875/
89;Гибельное влияние;Омер Майк;Inspiria;690;/books/927427/
90;Университет Специальных Чар. Пощады, маэстрина!;Завойчинская Милена Валерьевна;Эксмо;545;/books/936521/
91;И в горе, и в радости;Мэйсон Мег;Inspiria;540;/books/927069/
92;Чужое имя. Тайна королевского приюта для детей;Коуэн Джастин;Бомбора;504;/books/938729/
93;Лихо. Медь и мёд;Лехчина Яна;Эксмо;607;/books/935883/
94;Вторая жизнь Уве;Бакман Фредрик;Синдбад;632;/books/835733/
95;Выстрел мимо цели;Осман Ричард Томас;Манн, Иванов и Фербер;692;/books/921398/
96;Улица Ручей. Том 1. Накануне;Линде Юлия Владимировна;Пять четвертей;1470;/books/792393/
97;Восстание Персеполиса. Гнев Тиамат. Оберон;Кори Джеймс;Фантастика;1391;/books/944194/
98;До встречи в книжном;Без автора;Манн, Иванов и Фербер;567;/books/942593/
99;Улица Ручей. Том 2. Отступление;Линде Юлия Владимировна;Пять четвертей;1584;/books/819014/
100;Зимний сад;Ханна Кристин;Фантом Пресс;733;/books/935674/
101;Двериндариум. Мертвое;Суржевская Марина;Манн, Иванов и Фербер;651;/books/930322/
102;Особое положение;Вудворт, Васина;АСТ;513;/books/947169/
103;Мельница на Флоссе;Элиот Джордж;Иностранка;855;/books/948191/
104;Повесть о жизни;Паустовский Константин Георгиевич;Азбука;1302;/books/914162/
105;В поисках утраченного времени. В 2-х т. Т. 2. Содом и Гоморра. Пленница. Беглянка. Обретенное время;Пруст Марсель;Альфа-книга;2592;/books/199746/
106;Хоббит, или Туда и обратно;Толкин Джон Рональд Руэл;АСТ;1304;/books/701977/
107;Год порно;Мамаев-Найлз Илья;Поляндрия  No Age;883;/books/939632/
108;Брокен-Харбор;Френч Тана;Фантом Пресс;746;/books/943224/
109;Пламенный Клинок;Вудинг Крис;Аркадия;590;/books/778937/
110;Титус один. Книга 3;Пик Мервин;Livebook;2880;/books/851749/
111;Горменгаст. Книга 2;Пик Мервин;Livebook;2880;/books/851748/
112;Карты. Нечисть. Безумие. Рассказы русских писателей;Гоголь, Лермонтов, Брюсов;Эксмо;710;/books/930963/
113;Поместье с привидениями;Мартова Людмила;Эксмо;437;/books/947276/
114;Славянские мифы. От Велеса и Мокоши до птицы Сирин и Ивана Купалы;Баркова Александра Леонидовна;Манн, Иванов и Фербер;1034;/books/825915/
115;Викинг. Гнев Севера;Мазин Александр Владимирович;Феникс;916;/books/945135/
116;Пропавшие наши сердца;Инг Селеста;Фантом Пресс;697;/books/949226/
117;Тайна отца Брауна;Честертон Гилберт Кит;Издательский дом Мещерякова;1650;/books/609525/
118;Мастер и Маргарита. Коллекционное иллюстрированное издание;Булгаков Михаил Афанасьевич;Алгоритм;1943;/books/562263/
119;Евгений Онегин;Пушкин Александр Сергеевич;Речь;1909;/books/669673/
120;Лебединая дорога;Семенова Мария Васильевна;Азбука;963;/books/949441/
121;Пожиратель душ. Об ангелах, демонах и потусторонних кошмарах;Каттнер Генри;Азбука;1057;/books/951757/
122;Вокруг света за 80 дней. Робур-Завоеватель;Верн Жюль;Альфа-книга;896;/books/345128/
123;Зверобой;Купер Джеймс Фенимор;Лабиринт;1520;/books/849542/
124;Ложится мгла на старые ступени;Чудаков Александр Павлович;Азбука;729;/books/924350/
125;Улыбнись мне, Артур Эдинброг;Крейн Антонина;Эксмо;690;/books/926340/
126;Сестры озерных вод;Птицева Ольга;Popcorn Books;720;/books/945912/
127;Хана драконьему факультету;Орлова Тальяна;Феникс;676;/books/948230/
128;Эсав;Шалев Меир;Текст;533;/books/773038/
129;Сердце Солнечного воина;Тань Сью Линн;Манн, Иванов и Фербер;692;/books/931768/
130;Анна Каренина. В 2-х томах;Толстой Лев Николаевич;Время;689;/books/575010/
131;Приключения Оливера Твиста;Диккенс Чарльз;Лабиринт;1440;/books/849541/
132;Повесть о настоящем человеке;Полевой Борис Николаевич;Речь;1839;/books/627446/
133;Катастрофа на драконьем факультете;Орлова Тальяна;Феникс;633;/books/948229/
134;К западу от Эдема. Зима в Эдеме. Возвращение в Эдем;Гаррисон Гарри;Азбука;1038;/books/945709/
135;Северная Корона. Против ветра;Джейн Анна;АСТ;728;/books/945035/
136;Неведение отца Брауна;Честертон Гилберт Кит;Издательский дом Мещерякова;1650;/books/609524/
137;Избранные произведения;Куприн Александр Иванович;Речь;930;/books/616506/
138;Закон забвения;Харрис Роберт;Азбука;830;/books/948789/
139;Наследники земли;Фальконес Ильдефонсо;Азбука;963;/books/949447/
140;Тень и искры;Арментроут Дженнифер;АСТ;902;/books/935480/
141;Высшая школа библиотекарей. Том 1;Завойчинская Милена Валерьевна;Эксмо;1097;/books/935880/
142;Собачья смерть;Акунин-Чхартишвили;Захаров;973;/books/923362/
143;Тарас Бульба;Гоголь Николай Васильевич;Речь;922;/books/628288/
144;Ходящие в ночи. Книга 3. Пленники раздора;Харитонова, Казакова;Т8;737;/books/936752/
145;Пятый Дракон;Арден Лия;Эксмо;690;/books/934568/
146;Анна Каренина;Толстой Лев Николаевич;Речь;2325;/books/588501/
147;Капитан Фракасс;Готье Теофиль;Издательский дом Мещерякова;2194;/books/581590/
148;Момент истины. В августе сорок четвертого…;Богомолов Владимир Осипович;Речь;1184;/books/640591/
149;Тимьян и клевер;Ролдугина Софья Валерьевна;Т8;2028;/books/843614/
150;Братья Карамазовы. В 2-х книгах.;Достоевский Федор Михайлович;Речь;3255;/books/620392/
151;Медвежий угол;Бакман Фредрик;Синдбад;665;/books/673048/
152;Все, чего я не сказала;Инг Селеста;Фантом Пресс;697;/books/578116/
153;Ужас Данвича;Лавкрафт Говард Филлипс;Азбука;1394;/books/941247/
154;Убить королеву;Бекер Вирджиния;Аркадия;282;/books/768331/
155;Молль Флендерс;Дефо Даниель;Текст;248;/books/799163/
156;Мерзкая семерка;Джонстон Кэмерон;fanzon;607;/books/935878/
157;Истинный князь;Шелег Дмитрий Витальевич;Альфа-книга;478;/books/903773/
158;Школа хороших матерей;Чан Джессамин;Inspiria;607;/books/938144/
159;Дон Кавелли и папский престол;Конти Дэвид;Аркадия;566;/books/869228/
160;Продажное королевство;Бардуго Ли;АСТ;669;/books/639917/
161;Полное собрание произведений о Шерлоке Холмсе в одном томе;Дойл Артур Конан;Альфа-книга;979;/books/149372/
162;Полиция памяти;Огава Ёко;Поляндрия  No Age;647;/books/776648/
163;Дракула. Самая полная версия;Стокер Брэм;Алгоритм;1953;/books/940654/
164;Красавицы Бостона. Охотник;Шэн Л. Дж.;Freedom;607;/books/940134/
165;Зенитчик;Полищук Вадим Васильевич;АСТ;1031;/books/948205/
166;Убийство в городе без имени;Хигасино Кэйго;Inspiria;690;/books/941612/
167;Избранные произведения. Стихотворения и поэмы;Некрасов Николай Алексеевич;Речь;1028;/books/624025/
168;Микки-7;Эштон Эдвард;Аркадия;749;/books/848214/
169;Берега. Роман о семействе Дюморье;Дюморье Дафна;Азбука;641;/books/945132/
170;Портрет Лукреции. Трагическая история Медичи;О`Фаррелл Мэгги;Inspiria;738;/books/944365/
171;Тайная история;Тартт Донна;Corpus;1135;/books/466703/
172;Пехотная баллада;Пратчетт Терри;Эксмо;711;/books/944359/
173;"Отель ""Манифик""";Тейлор Эмили Дж.;Like Book;554;/books/942463/
174;Цыпленок Лисы Патрикеевны;Донцова Дарья Аркадьевна;Эксмо;614;/books/947644/
175;Черные кувшинки;Бюсси Мишель;Фантом Пресс;721;/books/824613/
176;Кровавая свадьба;Гарсиа Лорка Федерико;Текст;237;/books/764692/
177;Воздушный атташе;Журавлева Юлия Викторовна;Т8;1266;/books/948701/
178;Идиот;Достоевский Федор Михайлович;Время;246;/books/569489/
179;Вниз, сквозь ветки и кости;Макгвайр Шеннон;Дом историй;1349;/books/935889/
180;Восход Черного Солнца и другие галактические одиссеи;Каттнер Генри;Азбука;1302;/books/941251/
181;Скандал на драконьем факультете;Орлова Тальяна;Феникс;633;/books/948228/
182;Ходящие в ночи. Книга 1. Жнецы страданий;Харитонова, Казакова;Т8;627;/books/936757/
183;Дитя Дракулы;Барнс Джонатан;Азбука;961;/books/949225/
184;Задача трех тел;Лю Цысинь;Fanzon;932;/books/610958/
185;Звёздные войны. Сокол тысячелетия;Лусено Джеймс;fanzon;539;/books/940352/
186;"Японские мифы. От кицунэ и ёкаев до ""Звонка"" и ""Наруто""";Фридман Джошуа;Манн, Иванов и Фербер;899;/books/860378/
187;Некромант в яблоках;Веймар Ника;Эксмо;480;/books/938055/
188;Сперонара;Дюма Александр;Вече;593;/books/939319/
189;Арианна и дары забытых богов;Рэй Анна;Альфа-книга;624;/books/627382/
190;Звёздные войны. Расцвет Республики. Павшая звезда;Грей Клаудия;fanzon;738;/books/944716/
191;Рассказы и повести. 1883-1891;Чехов Антон Павлович;Речь;2198;/books/612889/
192;Момент истины. В августе сорок четвертого;Богомолов Владимир Осипович;Азбука;855;/books/914135/
193;Пепел;Сью Ники;Freedom;607;/books/941484/
194;Собрание сочинений в пяти томах;Довлатов Сергей Донатович;Азбука;3698;/books/917575/
195;Ромео и Джульетта;Шекспир Уильям;Аркадия;593;/books/810907/
196;Фея твоих кошмаров;Жильцова, Ушкова;Эксмо;545;/books/941820/
197;Магазинчик времени;Ким Сонён;Манн, Иванов и Фербер;614;/books/927095/
198;Всадник без головы;Майн Рид Томас;Верже;4259;/books/654917/
199;Испанский любовный обман;Армас Елена;Inspiria;497;/books/925670/
200;Бабушка велела кланяться и передать, что просит прощения;Бакман Фредрик;Синдбад;632;/books/835734/
201;Пока бьётся сердце;Хартманн Дженнифер;Freedom;759;/books/945597/
202;Претендент. Сила рода;Вяч Павел;Альфа-книга;468;/books/920593/
203;"Между ""привет"" и ""прощай""";Скотт Эмма;Freedom;607;/books/929742/
204;Шумерские мифы. От Всемирного потопа и эпоса о Гильгамеше до бога Энки и птицы Анзуд;Чмеленко Юлия;Манн, Иванов и Фербер;899;/books/876012/
205;Кровь богов;Иггульден Конн;Азбука;843;/books/945255/
206;Поступь Слейпнира;Трофимов Ерофей;АСТ;1031;/books/942899/
207;Шестерка воронов;Бардуго Ли;АСТ;623;/books/635534/
208;Проклятые короли. Железный король. Узница Шато-Гайара. Яд и корона;Дрюон Морис;Иностранка;965;/books/935227/
209;Дьявол носит черный;Шэн Л. Дж.;Freedom;607;/books/927161/
210;Стальные боги;Ахтар Замиль;fanzon;539;/books/937918/
211;Вода в решете. Апокриф колдуньи;Бжезинская Анна;АСТ;740;/books/948213/
212;Жизнь Дэвида Копперфилда, рассказанная им самим. В 2-х томах;Диккенс Чарльз;Речь;1846;/books/635826/
213;Шпионка на отборе у дракона;Миленина Лидия Сергеевна;АСТ;513;/books/947452/
214;"По прозвищу ""Малюта""";Берг Александр;АСТ;513;/books/947168/
215;Арктический клуб любителей карри;Редд Дани;Дом историй;1512;/books/935888/
216;Проклятые короли. Негоже лилиям прясть. Французская волчица;Дрюон Морис;Иностранка;965;/books/939706/
217;Комната из стекла;Кливз Энн;Inspiria;583;/books/941808/
218;Молчание цвета;Абгарян Наринэ Юрьевна;АСТ;649;/books/901282/
219;Птицы. Не позже полуночи и другие истории;Дюморье Дафна;Иностранка;1057;/books/936368/
220;Ледяное пламя;Ломтева Ольга;Т8;1668;/books/945919/
221;Ходящие в ночи. Книга 2. Наследники скорби;Харитонова, Казакова;Т8;676;/books/936755/
222;Всё о Манюне;Абгарян Наринэ Юрьевна;Астрель;1356;/books/343799/
223;Протагонист;Володина Ася;Редакция Елены Шубиной;669;/books/882036/
224;Унесенные ветром. Комплект из 2-х книг;Митчелл Маргарет;Эксмо;1316;/books/932825/
225;Сезон отравленных плодов;Богданова Вера Олеговна;Редакция Елены Шубиной;669;/books/850414/
226;Имя розы;Эко Умберто;Corpus;1505;/books/303783/
227;Семь сестер. Потерянная сестра;Райли Люсинда;Эксмо;1387;/books/925085/
228;Невеста света для стража тьмы;Александрова Евгения Александровна;Эксмо;480;/books/940659/
229;Венера на половинке раковины. Другой дневник Филеаса Фогга;Фармер Филип Хосе;АСТ;1083;/books/947177/
230;Дон Кавелли и мертвый кардинал;Конти Дэвид;Аркадия;510;/books/860554/
231;В поисках утраченного времени. В 2-х томах. Т.1. В сторону Свана. Под сенью девушек в цвету. Германт;Пруст Марсель;Альфа-книга;2592;/books/199745/
232;Путешествие дилетантов. Избранные произведения;Окуджава Булат Шалвович;Азбука;1007;/books/950217/
233;Королевская кровь. Проклятый трон. Связанные судьбы;Котова Ирина Владимировна;Эксмо;844;/books/935869/
234;1984;Оруэлл Джордж;Текст;499;/books/790566/
235;Детство. Отрочество. Юность;Толстой Лев Николаевич;Речь;2019;/books/624027/
236;Посмертные записки Пиквикского клуба. В 2-х томах;Диккенс Чарльз;Речь;1846;/books/631687/
237;Миндаль;Сон Вон Пхён;Поляндрия  No Age;764;/books/870765/
238;Ночь в тоскливом октябре. Подарочное иллюстрированное издание;Желязны Роджер;Эксмо;1680;/books/836209/
239;Самая страшная книга. Колумбарий;Подольский Александр;АСТ;577;/books/948209/
240;Смерть под ее кожей;Спотсвуд Стивен;Inspiria;607;/books/934636/
241;Там, где раки поют;Оуэнс Делия;Фантом Пресс;697;/books/728444/
242;Пленённая принцесса;Ларк Софи;Freedom;711;/books/935165/
243;Крест и крыло;Гончарова Галина Дмитриевна;АСТ;558;/books/944427/
244;Настройщик;Мейсон Дэниел;Фантом Пресс;709;/books/939637/
245;Томас-бард;Кашнер Эллен;Аркадия;1280;/books/775736/
246;Пробуждение Левиафана;Кори Джеймс;Фантастика;773;/books/848591/
247;Мекленбургский дьявол;Оченков, Перунов;Альфа-книга;624;/books/920595/
248;Многорукий бог далайна;Логинов Святослав Владимирович;Азбука;986;/books/937238/
249;Замок Броуди;Кронин Арчибалд Джозеф;Иностранка;843;/books/532907/
250;Дом, в котором... (подарочное издание);Петросян Мариам;Livebook;1826;/books/560484/
251;Последний день лета;Подшибякин Андрей Михайлович;Редакция Елены Шубиной;902;/books/947231/
252;Королевство крыльев и руин;Маас Сара Дж.;Азбука;918;/books/914292/
253;Ересь Хоруса. Книга I. Возвышение Хоруса. Лживые боги. Галактика в огне;Абнетт, Макнилл, Каунтер;Фантастика;1855;/books/652646/
254;Граф Монте-Кристо. В 2-х томах;Дюма Александр;Иностранка;1564;/books/912702/
255;Большие надежды;Диккенс Чарльз;Время;528;/books/575179/
256;Дети капитана Гранта;Верн Жюль;Альфа-книга;439;/books/322414/
257;На руинах пирамид;Островская Екатерина Николаевна;Эксмо;497;/books/941810/
258;Хроники Амбера;Желязны Роджер;Эксмо;1407;/books/82257/
259;Барбизон. В отеле только девушки;Брен Паулина;Рипол-Классик;915;/books/910579/
260;Единственная для князя. Как долго я тебя искал;Боярова Мелина;Т8;1163;/books/943809/
261;Что осталось от меня - твоё;Скотт Стефани;Аркадия;326;/books/796353/
262;Наследница древней магии;Казакова Светлана;Альфа-книга;752;/books/817430/
263;Записки охотника;Тургенев Иван Сергеевич;Рипол-Классик;3178;/books/906587/
264;Божественная комедия с иллюстрациями Гюстава Доре;Алигьери Данте;АСТ;1602;/books/625196/
265;Арианна и Орден темного ангела;Рэй Анна;Альфа-книга;560;/books/582773/
266;Пер Гюнт;Ибсен Хенрик;Речь;1876;/books/707136/
267;Александровскiе кадеты. В 2-х томах;Перумов Ник Даниилович;Альфа-книга;1696;/books/824440/
268;Старшая Эдда;Без автора;Манн, Иванов и Фербер;857;/books/921954/
269;Карма. В 2-х томах;Громыко Ольга Николаевна;Альфа-книга;1061;/books/855808/
270;Лисья нора;Сакавич Нора;Popcorn Books;528;/books/736909/
271;Отступник. Вольник;Калбазов Константин Георгиевич;АСТ;533;/books/950252/
272;Роковой подарок;Устинова Татьяна Витальевна;Эксмо-Пресс;317;/books/947643/
273;Правда;Пратчетт Терри;Эксмо;625;/books/932883/
274;Лавр;Водолазкин Евгений Германович;Редакция Елены Шубиной;986;/books/364570/
275;Воспоминания о прошлом Земли. Трилогия;Лю Цысинь;Эксмо;1704;/books/720633/
276;Профессионал. Один в поле воин;Тюрин Виктор Иванович;АСТ;513;/books/947179/
277;Полное собрание романов, повестей, рассказов в одном томе;Булгаков Михаил Афанасьевич;Альфа-книга;854;/books/170798/
278;Тайный дневник Верити;Гувер Колин;Эксмо-Пресс;497;/books/941610/
279;Герой нашего времени;Лермонтов Михаил Юрьевич;Речь;775;/books/628290/
280;Таинственный остров;Верн Жюль;Альфа-книга;488;/books/375454/
281;Пути Волхвов;Андрианова Анастасия Александровна;Эксмо;711;/books/941611/
282;Мы против вас;Бакман Фредрик;Синдбад;665;/books/728626/
283;Румынские мифы. От вырколаков и фараонок до Мумы Пэдурий и Дракулы;Осояну Наталия Георгиевна;Манн, Иванов и Фербер;899;/books/879094/
284;Индийские мифы. От Кришны и Шивы до Вед и Махабхараты;Паттанаик Девдатт;Манн, Иванов и Фербер;1034;/books/802875/
285;Мальн. Кровь и стекло;Салье Мира;Freedom;607;/books/940108/
286;Рубиновый лес;Гор Анастасия;Эксмо;711;/books/925674/
287;Крылья к резюме обязательны!;Мамаева Надежда Николаевна;Т8;1176;/books/940423/
288;Остров русалок;Си Лиза;Аркадия;605;/books/869226/
289;Раскол;Йонассон Рагнар;Азбука;609;/books/947220/
290;Чудовища рая;Хермансон Мари;Аркадия;317;/books/775737/
291;Призраки дома на Горького;Рождественская Екатерина Робертовна;Питер;850;/books/947793/
292;Домашний зверинец;Готье Теофиль;Текст;147;/books/743510/
293;Дикая Флетчер;Такер К. А.;АСТ;589;/books/941316/
294;Записки о Шерлоке Холмсе;Дойл Артур Конан;Издательский дом Мещерякова;566;/books/621724/
295;Убить пересмешника…;Ли Харпер;АСТ;394;/books/621296/
296;Между прочим...;Токарева Виктория Самойловна;КоЛибри;843;/books/939780/
297;Метро 2033. Метро 2034. Метро 2035;Глуховский Дмитрий Алексеевич;АСТ;2380;/books/700650/
298;Рассказы и повести. 1892-1903;Чехов Антон Павлович;Речь;2398;/books/612895/
299;Метель, или Барыня-попаданка. В вихре времени;Добровольская Наталья Алексеевна;АСТ;513;/books/948774/
300;"Проект ""Аве Мария""";Вейер Энди;АСТ;694;/books/835512/
301;Все из-за тебя;Лавринович Ася;Like Book;545;/books/925018/
302;Таинственный остров;Верн Жюль;Альфа-книга;904;/books/570599/
303;Дядя Динамит. Время пить коктейли. Сэм;Вудхаус Пелам Гренвилл;АСТ;649;/books/949681/
304;Жареные зеленые помидоры в кафе Полустанок;Флэгг Фэнни;Фантом Пресс;697;/books/615013/
305;Приключения Оливера Твиста;Диккенс Чарльз;Речь;1126;/books/635811/
306;Дикий Вьюнок;Шолох Юлия;Т8;1697;/books/945931/
307;Туманы и чудовища;Шабнова Екатерина;Манн, Иванов и Фербер;675;/books/937957/
308;"Трактир ""Полярная лисица""";Водянова Катя;Эксмо;480;/books/935882/
309;Святые Спасения;Гамильтон Питер;Фантастика;1159;/books/942267/
310;Королевство гнева и тумана;Маас Сара Дж.;Азбука;843;/books/914291/
311;Внучка;Шлинк Бернхард;Иностранка;705;/books/922868/
312;Найди меня;Фрейзер Энн;Аркадия;607;/books/848208/
313;Хранитель;Шеперд Кэтрин;Inspiria;583;/books/947441/
314;Двадцать тысяч лье под водой;Верн Жюль;Альфа-книга;358;/books/333542/
315;Невеста ледяного дракона;Черчень Александра;Яуза;522;/books/941827/
316;Код 612. Кто убил Маленького принца?;Бюсси Мишель;Фантом Пресс;697;/books/923081/
317;Лолита;Набоков Владимир Владимирович;Corpus;669;/books/811681/
318;Жизнь на общем языке;Алюшина Татьяна Александровна;Эксмо;469;/books/944392/
319;Уроки химии;Гармус Бонни;Азбука;648;/books/915655/
320;Преступление и наказание;Достоевский Федор Михайлович;Речь;2300;/books/588504/
321;Колымские рассказы;Шаламов Варлам Тихонович;Время;211;/books/635524/
322;Гиперболоид инженера Гарина;Толстой Алексей Николаевич;Верже;4000;/books/654919/
323;Попаданка (не)легкого поведения;Келлер Мария;АСТ;513;/books/947453/
324;Королевство шипов и роз;Маас Сара Дж.;Азбука;722;/books/914296/
325;Фауст;Гете Иоганн Вольфганг;Речь;1326;/books/644121/
326;Крах и восход;Бардуго Ли;АСТ;604;/books/656547/
327;Аратта. Книга 7. Золотые корабли;Семенова, Гурова;Азбука;564;/books/941869/
328;Орда встречного ветра;Дамазио Ален;АСТ;1699;/books/951809/
329;Настоящее прошлое. Каждому по делам его;Злотников Роман Валерьевич;Эксмо;583;/books/941811/
330;Брак по любви;Али Моника;Синдбад;887;/books/925145/
331;"Зверобой; Последний из могикан; Следопыт; Пионеры; Прерия. Полное издание в одном томе";Купер Джеймс Фенимор;Альфа-книга;1056;/books/253629/
332;Бесконечная шутка;Уоллес Дэвид Фостер;АСТ;1991;/books/671224/
333;Алмазная колесница. Роман в 2-х томах;Акунин Борис;Захаров;674;/books/478793/
334;Иствикские ведьмы;Апдайк Джон;Текст;748;/books/872847/
335;Спой мне о забытом;Олсон Джессика С.;Эксмо;711;/books/938143/
336;Карта небесной сферы, или Тайный меридиан;Перес-Реверте Артуро;Иностранка;753;/books/943587/
337;Циники;Мариенгоф Анатолий Борисович;Аркадия;593;/books/716966/
338;Правила выживания в Джакарте;Цимеринг, Багрий;Манн, Иванов и Фербер;840;/books/841374/
339;Любовь моя, Анайя;Миллер Ксандер;Аркадия;275;/books/801291/
340;Мертвые души;Гоголь Николай Васильевич;Речь;2153;/books/577332/
341;Тени исчезают в полдень;Иванов Анатолий Степанович;Азбука;843;/books/917953/
342;Жажда власти 4. Рестарт;Тармашев Сергей Сергеевич;АСТ;715;/books/940195/
343;Невидимка. Попаданец в параллельный мир;Конторович, Демидова;Феникс;643;/books/945143/
344;Русские народные сказки. Полное издание в одном томе;Афанасьев Александр Николаевич;Альфа-книга;988;/books/169946/
345;Архипелаг ГУЛАГ;Солженицын Александр Исаевич;Азбука;1302;/books/914167/
346;Дикие лебеди. Три дочери Китая;Юн Чжан;Аркадия;1038;/books/810910/
347;Я отвечаю за все;Герман Юрий Павлович;Азбука;965;/books/951806/
348;Не Драконьтесь, Ваше Высочество! или Игра на выживание;Филеберт Леси;Т8;1853;/books/948719/
349;В открытое небо;Итурбе Антонио;Popcorn Books;528;/books/878825/
350;Илиада. Одиссея;Гомер;Иностранка;875;/books/918337/
351;Михаил Гущин. Ростовская академия. Предотвратить смуту. Тайный агент;Баранников Сергей Юрьевич;АСТ;1031;/books/947172/
352;Потерянные боги;Бром;АСТ;1031;/books/609946/
353;Полное собрание стихотворений и поэм в одном томе;Вознесенский Андрей Андреевич;Альфа-книга;494;/books/340598/
354;Стрижи;Арамбуру Фернандо;Corpus;1407;/books/923008/
355;1984;Оруэлл Джордж;Эксмо;1601;/books/893758/
356;Дар речи;Буйда Юрий Васильевич;Редакция Елены Шубиной;669;/books/947224/
357;Маленькие женщины;Олкотт Луиза Мэй;Манн, Иванов и Фербер;485;/books/925680/
358;Отверженные. Комплект из 2-х книг;Гюго Виктор;Азбука;2605;/books/917081/
359;Желание;Вульф Трейси;Like Book;959;/books/857242/
360;Atomic Heart. Предыстория «Предприятия 3826»;Хорф Харальд;АСТ;774;/books/951982/
361;Ты такой светлый;Ренберг Туре;Corpus;759;/books/941697/
362;Руки, полные бури;Мэй;Эксмо;607;/books/935857/
363;Последнее желание ведьмы;Плен Александра;АСТ;513;/books/949687/
364;"Князь тьмы. Полная история ""Мастера и Маргариты""";Булгаков Михаил Афанасьевич;Азбука;1170;/books/914137/
365;Хранитель пограничной крепости;Голотвина Ольга Владимировна;Эксмо;856;/books/931733/
366;Артуа. Звезда Горна;Корн Владимир;АСТ;1031;/books/950247/
367;Перекрестки;Франзен Джонатан;Corpus;1031;/books/851529/
368;Штурм и буря;Бардуго Ли;АСТ;604;/books/645858/
369;О чем плачут лошади. Конь с розовой гривой. Уроки французского;Абрамов, Астафьев, Распутин;Мартин;374;/books/918410/
370;"""Несвятые святые"" и другие рассказы";Архимандрит Тихон (Шевкунов);Вольный Странник;655;/books/695038/
371;Отверженные;Гюго Виктор;Иностранка;1088;/books/424202/
372;Ася. Первая любовь. Вешние воды. Дворянское гнездо;Тургенев Иван Сергеевич;Речь;1772;/books/602125/
373;Щегол;Тартт Донна;Corpus;1245;/books/462781/
374;Повелитель мух;Голдинг Уильям;АСТ;289;/books/420218/
375;Семейная хроника Уопшотов. Скандал в семействе Уопшотов;Чивер Джон;Текст;528;/books/821297/
376;Чисто шведские убийства. Отпуск в раю;де, Нильссон;Манн, Иванов и Фербер;757;/books/881493/
377;По замкнутому кругу;Михайлов Виктор Семенович;Вече;593;/books/945725/
378;Уродливая любовь;Гувер Колин;Эксмо-Пресс;497;/books/938062/
379;Сага о Видящих. Книги 1 и 2. Ученик убийцы. Королевский убийца;Хобб Робин;Азбука;1057;/books/914275/
380;Голоса Памано;Кабре Жауме;Иностранка;875;/books/925725/
381;Королевская кровь-9. Горький пепел;Котова Ирина Владимировна;Т8;2335;/books/860029/
382;Мальчик в полосатой пижаме;Бойн Джон;Фантом Пресс;602;/books/385902/
383;Посмотри в мои глаза;Орлова Настя;Эксмо;480;/books/948316/
384;Сердца трех;Лондон Джек;Качели;950;/books/792194/
385;Злые чудеса;Бушков Александр Александрович;Эксмо;583;/books/945885/
386;Враг Самогеты;Пушкина Анна;АСТ;649;/books/947171/
387;Смерть героя;Олдингтон Ричард;Текст;355;/books/816666/
388;Игра в кроликов;Майлз Терри;fanzon;607;/books/939342/
389;Грешник;Скотт Эмма;Freedom;607;/books/920552/
390;Жизнь мальчишки;Маккаммон Роберт;Азбука;843;/books/917797/
391;Айвенго;Скотт Вальтер;Альфа-книга;490;/books/623462/
392;Армастан. Я тебя тоже;Матвеева Анна Александровна;Редакция Елены Шубиной;604;/books/947229/
393;Конец Большого Юлиуса;Сытина Татьяна Григорьевна;Вече;593;/books/949366/
394;Тысяча сияющих солнц;Хоссейни Халед;Фантом Пресс;673;/books/413354/
395;Когда ты исчез;Маррс Джон;Эксмо;607;/books/926314/
396;Бисцион. Книга 2;Шерри Ана;Эксмо-Пресс;614;/books/937917/
397;Смерть Артура;Мэлори Томас;Октопус;4741;/books/621482/
398;Собор. Роман о петербургском зодчем;Измайлова Ирина Александровна;Азбука;767;/books/914180/
399;Долгая дорога домой;Костелоу Дайни;Аркадия;576;/books/854203/
400;Благие знамения;Пратчетт, Гейман;Эксмо;668;/books/878781/
401;Лебединая песнь. Побежденные;Головкина (Римская-Корсакова) Ирина Владимировна;Омега-Л;1336;/books/927422/
402;Божественная Комедия. Новая Жизнь;Алигьери Данте;Иностранка;855;/books/401275/
403;Бегущий за ветром;Хоссейни Халед;Фантом Пресс;697;/books/413353/
404;Ополченский романс;Прилепин Захар;АСТ;831;/books/761199/
405;Рассвет костяной волшебницы;Парди Кэтрин;Like Book;690;/books/942466/
406;Дорога особого значения;Тамоников Александр Александрович;Эксмо;498;/books/943001/
407;Что видно отсюда;Леки Марьяна;Текст;256;/books/777803/
408;Тихая пристань;Рожнёва Ольга Леонидовна;Сретенский ставропигиальный мужской монастырь;742;/books/941242/
409;"Скандинавские мифы. От Тора и Локи до Толкина и ""Игры престолов""";Ларрингтон Кэролин;Манн, Иванов и Фербер;1034;/books/715762/
410;Благоволительницы;Литтелл Джонатан;Ад Маргинем;1534;/books/719223/
411;Книги Земноморья. Полное иллюстрированное издание;Ле Гуин Урсула;Азбука;2681;/books/914260/
412;Дубровский;Пушкин Александр Сергеевич;Издательский дом Мещерякова;1198;/books/576358/
413;Азазель;Акунин Борис;Захаров;562;/books/94329/
414;Провокатор;Замполит Д. Н.;АСТ;513;/books/947185/
415;Сильмариллион;Толкин Джон Рональд Руэл;АСТ;1894;/books/487764/
416;Мое ходячее несчастье;Макгвайр Джейми;Like Book;690;/books/942464/
417;Удержать небо;Лю Цысинь;fanzon;819;/books/936518/
418;Тень и кость;Бардуго Ли;АСТ;604;/books/633006/
419;Я исповедуюсь;Кабре Жауме;Иностранка;918;/books/489760/
420;Матренин двор;Солженицын Александр Исаевич;Детская литература;492;/books/77900/
421;Полный сантехник;Слава Сэ;АСТ;1135;/books/665406/
422;Идиот;Достоевский Федор Михайлович;Речь;2300;/books/588505/
423;Тихий Дон (комплект из 2-х книг);Шолохов Михаил Александрович;Эксмо;667;/books/766605/
424;Тихий Дон;Шолохов Михаил Александрович;Азбука;1128;/books/914176/
425;"Трактир на Пятницкой. Агония. Вариант ""Омега""";Леонов Николай Иванович;Азбука;911;/books/940699/
426;Мистические истории. Дом с привидениями;Диккенс, Бирс, Бенсон;Иностранка;911;/books/912669/
427;Орден Крона. Армия Свободы;Малкина Нина;Т8;1845;/books/935791/
428;451 градус по Фаренгейту;Брэдбери Рэй;Эксмо;480;/books/907758/
429;Князь Серебряный;Толстой Алексей Константинович;Речь;1028;/books/631524/
430;Королева Лисьего дома;Фельдман Ирина Игоревна;Альфа-книга;736;/books/825354/
431;Все красное;Хмелевская Иоанна;Аркадия;624;/books/838689/
432;Симон;Абгарян Наринэ Юрьевна;АСТ;669;/books/769120/
433;Состоятельная женщина. В 2-х книгах;Брэдфорд Барбара Тейлор;Текст;816;/books/786763/
434;Тайна ворона;Абэ Тисато;АСТ;662;/books/945074/
435;Подросток;Достоевский Федор Михайлович;Речь;1199;/books/604773/
436;Обещание на рассвете;Гари Ромен;Симпозиум;830;/books/391192/
437;Долгие крики;Казаков Юрий Павлович;Редакция Елены Шубиной;902;/books/903532/
438;Две жизни. Все книги в одной. Обновленная редакция;Антарова Конкордия Евгеньевна;АСТ;1991;/books/864377/
439;Десятка Лоу;Холборн Старк;Аркадия;686;/books/848209/
440;Карамазов;Гоблин, Каин;АСТ;513;/books/947454/
441;"""Спаса кроткого печаль..."" Избранная православная лирика";Есенин Сергей Александрович;Питер;1455;/books/943839/
442;Остров Русь;Лукьяненко Сергей Васильевич;АСТ;669;/books/947173/
443;Косиног. История о колдовстве;Бром Джеральд;АСТ;1031;/books/830558/
444;Коварная магия;Кэмпбелл Л. Л.;Freedom;667;/books/936726/
445;Лишние дети;Костелоу Дайни;Аркадия;946;/books/838684/
446;Мой темный господин, или Семь кругов тьмы;Боталова Мария Николаевна;Т8;1337;/books/948706/
447;Золотая муха;Хмелевская Иоанна;Аркадия;510;/books/896605/
448;Тропами вереска;Суржевская Марина;Т8;1331;/books/935232/
449;Тристан и Изольда;Бедье Жозеф;Аркадия;593;/books/785221/
450;"Трактир ""Ямайка"". Моя кузина Рейчел. Козел отпущения";Дюморье Дафна;Иностранка;1021;/books/925175/
451;Подводные камни;Робертс Нора;Эксмо;498;/books/940356/
452;Брачный офицер;Капелла Энтони;Аркадия;374;/books/740144/
453;Террор;Симмонс Дэн;Азбука;2681;/books/920678/
454;Препараторы. Зов ястреба;Летт Яна;Wonder Books;785;/books/900931/
455;Подросток;Достоевский Федор Михайлович;Азбука;843;/books/941249/
456;Жутко громко и запредельно близко;Фоер Джонатан Сафран;Like Book;1325;/books/848749/
457;Египетские мифы. От пирамид и фараонов до Анубиса и «Книги мертвых»;Шоу Гэрри;Манн, Иванов и Фербер;1034;/books/788301/
458;Другая жизнь;Чапмен Джоди;Синдбад;843;/books/925147/
459;Вино из одуванчиков;Брэдбери Рэй;Эксмо;456;/books/694999/
460;"Вий и другие повести из цикла ""Миргород""";Гоголь Николай Васильевич;Рипол-Классик;1532;/books/941892/
461;Путь кенгуренка. Поймайте мне колобуса;Даррелл Джеральд;Азбука;855;/books/947642/
462;Пес. Дилогия в одном томе. Страж. Боец;Калбазов Константин Георгиевич;Альфа-книга;1216;/books/617384/
463;Симфония для смертельного трона;Меллоу Э. Дж.;Freedom;692;/books/940123/
464;Невеста по приказу;Жарова Наталья Сергеевна;Альфа-книга;656;/books/660213/
465;Руки, полные пепла;Мэй;Эксмо;649;/books/878347/
466;Русские богатыри. Лучшие былины;Без автора;ОлмаМедиаГрупп/Просвещение;1525;/books/850865/
467;Семь сестер. Потерянная сестра;Райли Люсинда;Эксмо;1316;/books/925086/
468;В кварталах дальних и печальных. Избранная лирика. Роттердамский дневник;Рыжий Борис Борисович;Искусство ХХI век;974;/books/331966/
469;Золото тигров. Сокровенная роза. История ночи. Полное собрание поэтических текстов;Борхес Хорхе Луис;Иностранка;864;/books/943586/
470;Каждый в нашей семье кого-нибудь да убил;Стивенсон Бенджамин;Азбука;641;/books/913995/
471;2666;Боланьо Роберто;АСТ;1699;/books/877667/
472;Пока мы были не с вами;Уингейт Лиза;Аркадия;713;/books/662739/
473;Три мушкетера;Дюма Александр;Иностранка;843;/books/912705/
474;Улисс;Джойс Джеймс;Иностранка;1088;/books/393418/
475;Говорят женщины;Тэйвз Мириам;Inspiria;564;/books/942465/
476;Зловещие зоны земли. Комплект из 3-х книг;Бейтс Джереми;Аркадия;2218;/books/931179/
477;Оп Олооп;Филлой Хуан;Поляндрия  No Age;1118;/books/944151/
478;Дюна. Мессия Дюны. Дети Дюны. Бог-Император Дюны. Еретики Дюны. Капитул Дюны.;Герберт Фрэнк;АСТ;2672;/books/938671/
479;Чисто шведские убийства. Опасная находка;де, Нильссон;Манн, Иванов и Фербер;757;/books/921394/
480;Сёгун;Клавелл Джеймс;Иностранка;1302;/books/912712/
481;Ни дня без строчки. Рассказы, воспоминания, статьи;Олеша Юрий Карлович;Иллюминатор;704;/books/920510/
482;Северные сказки. В 2-х книгах;Ончуков Николай Евгеньевич;Альма-Матер;1808;/books/942890/
483;Сочинские рассказы;Волкодав Юлия;Т8;893;/books/940434/
484;Обломов;Гончаров Иван Александрович;Речь;1876;/books/604772/
485;Вниз по темной реке;Одден Карен;Metamorphoses;892;/books/903857/
486;Бесы;Достоевский Федор Михайлович;Речь;2121;/books/602120/
487;Большая книга Хармса;Хармс Даниил Иванович;Азбука;1686;/books/917094/
488;Мертвым не больно. Пойти и не вернуться;Быков Василь Владимирович;Время;141;/books/668973/
489;Искушение;Вульф Трейси;Like Book;835;/books/809792/
490;Обеспечение. Софт. Тело;Рюкер Руди;АСТ;669;/books/948779/
491;Кукловоды. Дверь в лето. Двойная звезда. Звездный десант;Хайнлайн Роберт Энсон;Азбука;1038;/books/935980/
492;Шатун;Трофимов Ерофей;АСТ;513;/books/941701/
493;Джонатан Стрендж и мистер Норрелл;Кларк Сюзанна;Азбука;1088;/books/914181/
494;Крошка Доррит. Книга 1;Диккенс Чарльз;Вече;1355;/books/949337/
495;Одиссея;Гомер;Верже;3773;/books/632077/
496;Полное собрание сочинений в одном томе;Пушкин Александр Сергеевич;Альфа-книга;933;/books/163838/
497;Снежная пантера;Тессон Сильвен;Текст;256;/books/799162/
498;Имя рек;Прилепин Захар;АСТ;715;/books/949686/
499;Дело наследника цесаревича;Анонимyс;Т8;1218;/books/942793/
500;Трилогия о Генрихе Наваррском: Королева Марго. Графиня де Монсоро. Сорок пять;Дюма Александр;Альфа-книга;577;/books/192148/
501;Медвежатница;Акунин Борис;Захаров;748;/books/874576/
502;Три товарища;Ремарк Эрих Мария;АСТ;343;/books/655706/
503;Он уходя спросил;Акунин Борис;АСТ;1194;/books/860865/
504;Обыкновенная история;Гончаров Иван Александрович;Речь;893;/books/620408/
505;Королевство серебряного пламени;Маас Сара Дж.;Азбука;917;/books/914294/
506;Два капитана;Евдокимов, Ермошин;АСТ;513;/books/951069/
507;Шери и Лари. Черный охотник;Петров Денис А.;Альфа-книга;499;/books/926160/
508;Королевская кровь-7. Огненный путь;Котова Ирина Владимировна;Т8;2421;/books/821353/
509;Знакомьтесь: ваша будущая жена - злодейка;Власова Ксения Игоревна;Т8;1147;/books/947551/
510;Вечная жизнь Смерти;Лю Цысинь;Fanzon;941;/books/653704/
511;Безумие любви и смерти;По Эдгар Аллан;Metamorphoses;1814;/books/863977/
512;Дворец утопленницы;Мэнган Кристин;Фантом Пресс;697;/books/934574/
513;Няня;Макмиллан Джилли;Metamorphoses;837;/books/921498/
514;Мисс Пим расставляет точки. Мистификация;Тэй Джозефина;АСТ;785;/books/951066/
515;Дом духов;Альенде Исабель;Иностранка;767;/books/942221/
516;Иерусалим;Мур Алан;АСТ;2089;/books/792483/
517;Пиковая дама;Пушкин Александр Сергеевич;Качели;810;/books/721397/
518;Укроти меня, или Грани раскола;Филеберт Леси;АСТ;513;/books/951064/
519;Вечный зов;Иванов Анатолий Степанович;Азбука;1088;/books/914155/
520;Трое из леса. Вторая трилогия;Никитин Юрий Александрович;Эксмо;1704;/books/940666/
521;Корейские мифы. От Небесного владыки и принцессы Пари до королей-драконов и духов-хранителей;Ли Кёндок;Манн, Иванов и Фербер;988;/books/843123/
522;Колокол;Кейли Лора;Эксмо;564;/books/935197/
523;Цитадель;Кронин Арчибалд Джозеф;Иностранка;705;/books/912722/
524;Кенсингтон, как давно это было;Спарк Мюриэл;Текст;211;/books/718571/
525;ЧВК Херсонес;Белянин Андрей Олегович;Феникс;713;/books/934643/
526;Человек, который умер дважды;Осман Ричард Томас;Манн, Иванов и Фербер;757;/books/836410/
527;Египетская книга мертвых;Бадж Эрнест Альфред Уоллес;Манн, Иванов и Фербер;857;/books/876013/
528;Повести Белкина. Пиковая дама;Пушкин Александр Сергеевич;Речь;933;/books/644435/
529;Севастопольские рассказы;Толстой Лев Николаевич;Речь;467;/books/632698/
530;Тьма знает;Индридасон Арнальд;АСТ;669;/books/947182/
531;Янки из Коннектикута при дворе короля Артура;Твен Марк;Альфа-книга;302;/books/636770/
532;Неправильная сказка;Тебнёва Елена Геннадьевна;Альфа-книга;784;/books/811537/
533;Хождение по мукам. Комплект из 3-х книг (Сестры. Восемнадцатый год. Хмурое утро);Толстой Алексей Николаевич;Верже;1646;/books/614803/
534;Жестокий принц;Блэк Холли;Freedom;583;/books/626959/
535;Сон в тысячу лет;Кондрацкая Елена Анатольевна;Эксмо;607;/books/930221/
536;Вечный день;Мюррей Эндрю Хантер;Аркадия;301;/books/768773/
537;Дон Кихот. Комплект из 2-х книг;Сервантес Мигель де Сааведра;Эксмо;1062;/books/823491/
538;Кельтские мифы. От Короля Артура и Дейрдре до фейри и друидов;Олдхаус-Грин Миранда;Манн, Иванов и Фербер;1034;/books/735523/
539;Собор Парижской Богоматери. Человек, который смеется. Девяносто третий год. Полное издание в 1 томе;Гюго Виктор;Альфа-книга;1394;/books/926161/
540;Смерть и круассаны;Мур Йен;Манн, Иванов и Фербер;633;/books/935395/
541;Младшая сестра Смерти;Станиславская Елена Николаевна;Манн, Иванов и Фербер;633;/books/930329/
542;Яркие люди Древней Руси;Акунин Борис;АСТ;902;/books/912414/
543;Зов Ктулху;Лавкрафт Говард Филлипс;Азбука;1532;/books/914001/
544;Настоящие сказки братьев Гримм. Полная версия;Гримм Якоб и Вильгельм;Алгоритм;2379;/books/621874/
545;Сага о Видящих. Книга 3. Странствия убийцы;Хобб Робин;Азбука;1057;/books/917371/
546;Ревизор;Гоголь Николай Васильевич;Речь;854;/books/634513/
547;Королевская магия;Эльденберт Марина;Т8;1303;/books/938697/
548;Темные аллеи;Бунин Иван Алексеевич;Речь;1153;/books/655696/
549;Эффект Сюзан;Хёг Питер;Симпозиум;889;/books/940860/
550;Мир Софии;Гордер Юстейн;Аркадия;710;/books/629560/
551;Гадкие лебеди кордебалета;Бьюкенен Кэти Мари;Аркадия;413;/books/737233/
552;Повести л-ских писателей;Зарубин Константин Рудольфович;Редакция Елены Шубиной;759;/books/947225/
553;Квартира в Париже;Боуэн Келли;Эксмо;564;/books/895215/
554;Мертвые души;Гоголь Николай Васильевич;АСТ;215;/books/475816/
555;Кукольный Дом;Кисватера Нану;Т8;1526;/books/945925/
556;Бесы;Достоевский Федор Михайлович;Азбука;753;/books/914146/
557;Огородная ведьма;Журавлева Юлия Викторовна;Т8;1286;/books/940148/
558;Калина красная. Повести, рассказы;Шукшин Василий Макарович;Азбука;922;/books/915996/
559;Глубокая охота;Лапиков, Уланов;АСТ;513;/books/947166/
560;Обыкновенные монстры;Миро Дж. М.;Манн, Иванов и Фербер;798;/books/930330/
561;Пловцы;Оцука Джулия;Livebook;464;/books/927348/
562;Хребты Безумия. Том 2;Лавкрафт Говард Филлипс;Азбука;1302;/books/914003/
563;И даже небо было нашим;Джордано Паоло;Синдбад;699;/books/939635/
564;Узники мира снов;Нордсвей Таня;Freedom;607;/books/940122/
565;Услады Божьей ради;Д'Ормессон Жан;Текст;307;/books/760617/
566;Три любви;Кронин Арчибалд Джозеф;Иностранка;855;/books/912721/
567;Dracondaz. Энтони. Дорога к дракону;Бондарев, Хорев, Карамушкин;Бомбора;734;/books/926746/
568;Демонология Сангомара. Наследие вампиров;Штольц Евгения;Манн, Иванов и Фербер;734;/books/925673/
569;Соловей;Ханна Кристин;Фантом Пресс;721;/books/555690/
570;Бесконтрактная любовь;Тоцка Тала;АСТ;513;/books/947455/
571;Полное собрание сочинений в одном томе;Шварц Евгений Львович;Альфа-книга;1056;/books/279541/
572;Лирика. Мцыри;Лермонтов Михаил Юрьевич;Речь;967;/books/655697/
573;Качели судьбы;Бадани Седжал;Аркадия;413;/books/784083/
574;Мое прекрасное несчастье;Макгвайр Джейми;Like Book;662;/books/895463/
575;Семья Резо;Базен Эрве;Текст;494;/books/816665/
576;Последний из могикан, или Повествование о 1757 годе;Купер Джеймс Фенимор;Альфа-книга;494;/books/639281/
577;Улица Яффо;Шпек Даниэль;Фантом Пресс;746;/books/912420/
578;Наследство в Тоскане;Маклин Джулианна;Inspiria;625;/books/931734/
579;Серебряная клятва;Звонцова Екатерина;Эксмо;625;/books/920531/
580;Тринадцатая Мара;Мелан Вероника;Т8;1218;/books/944767/
581;Валькирия;Семенова Мария Васильевна;Азбука;843;/books/936134/
582;Ошибка богов. Отбор для наследника;Олие Ольга;АСТ;513;/books/942894/
583;Воскресение;Толстой Лев Николаевич;Речь;954;/books/620394/
584;ПереКРЕСТок одиночества. Часть 3;Михайлов Дем;Эксмо-Пресс;498;/books/943002/
585;Петр Первый;Толстой Алексей Николаевич;Время;317;/books/621349/
586;Крошка Доррит. Комплект из 2-х книг. Бедность. Богатство;Диккенс Чарльз;Качели;1742;/books/796319/
587;Книга душ;Освальд Джеймс;АСТ;759;/books/949682/
588;Академия Грейс;Тебнёва Елена Геннадьевна;Альфа-книга;640;/books/651447/
589;Ходящие в ночи. Книга вторая. Наследники скорби;Харитонова, Казакова;Т8;1810;/books/772969/
590;Ходящие в ночи. Пленники раздора. Книга третья;Харитонова, Казакова;Т8;2091;/books/772970/
591;Похититель детей;Бром;АСТ;1083;/books/631264/
592;Двойник Запада;Арден Лия;Эксмо;642;/books/880059/
593;Чужая жизнь;Сержант Леший;АСТ;513;/books/950246/
594;Золушка по имени Грейс;Ром Полина;АСТ;513;/books/948778/
595;Замуж с осложнениями;Жукова Юлия Борисовна;Т8;2195;/books/942566/
596;Турецкий гамбит;Акунин Борис;Захаров;524;/books/94342/
597;Голодные игры. И вспыхнет пламя. Сойка-пересмешница;Коллинз Сьюзен;АСТ;1245;/books/335480/
598;Акты отчаяния;Нолан Меган;Фантом Пресс;697;/books/929204/
599;Дом без воспоминаний;Карризи Донато;Азбука;705;/books/920693/
600;Королевство стужи и звездного света;Маас Сара Дж.;Азбука;705;/books/914295/
601;Молодая гвардия;Фадеев Александр Александрович;Рипол-Классик;1156;/books/930587/
602;Работа для ведьмака;Алексина Наталья;Альфа-книга;720;/books/779280/
603;Суер-Выер и много чего еще;Коваль Юрий Иосифович;Азбука;965;/books/945252/
604;Жажда;Вульф Трейси;Like Book;787;/books/774326/
605;Дюна. Дюна. Мессия Дюны. Дети Дюны;Герберт Фрэнк;АСТ;1407;/books/778397/
606;Дюна. Бог-Император Дюны. Еретики Дюны. Капитул Дюны;Герберт Фрэнк;АСТ;1407;/books/778395/
607;Лэндон и Шей. Влюбиться заново;Черри Бриттани Ш.;Freedom;625;/books/941476/
608;Семь сестер. Сестра солнца;Райли Люсинда;Inspiria;667;/books/935858/
609;На Западном фронте без перемен;Ремарк Эрих Мария;АСТ;289;/books/470629/
610;Эльф;ЗеаРэй Даниэль;Т8;1764;/books/942567/
611;Хроники Нетесаного трона. Книга 3. Последние узы смерти;Стейвли Брайан;Азбука;1007;/books/914273/
612;Цветы для Элджернона;Киз Дэниел;Эксмо;456;/books/324880/
613;Поэзия серебряного века;Анненский, Мережковский, Сологуб;Речь;989;/books/680851/
614;Ярмарка тщеславия. В 2-х книгах.;Теккерей Уильям Мейкпис;Речь;1846;/books/635818/
615;Война Калибана;Кори Джеймс;Фантастика;850;/books/848592/
616;Piccola Сицилия;Шпек Даниэль;Фантом Пресс;733;/books/761416/
617;Пир теней;Рид Анви;Манн, Иванов и Фербер;651;/books/944378/
618;Тысяча свадебных платьев;Дэвис Барбара;Inspiria;650;/books/947431/
619;Улисс;Джойс Джеймс;Текст;1651;/books/790569/
620;Магия красок. Акварели из Тессина, заметки и стихи;Гессе Герман;Текст;384;/books/731321/
621;Конвойцы;Белянин Андрей Олегович;АСТ;533;/books/939173/
622;Звезды смотрят вниз;Кронин Арчибалд Джозеф;Иностранка;843;/books/912716/
623;Дом на берегу;Дюморье Дафна;Азбука;641;/books/945133/
624;Делай деньги!;Пратчетт Терри;Эксмо;625;/books/864107/
625;Хребты Безумия. Том 1;Лавкрафт Говард Филлипс;Азбука;1302;/books/914002/
626;Дети Арбата;Рыбаков Анатолий Наумович;Азбука;1302;/books/524287/
627;Дожить до рассвета. Альпийская баллада;Быков Василь Владимирович;Азбука;1021;/books/941248/
628;Дорога в тысячу ли;Ли Мин Чжин;Аркадия;790;/books/664789/
629;Призрак Оперы. Тайна Желтой комнаты;Леру Гастон;Азбука;965;/books/942407/
630;Боги и чудовища;Махёрин Шелби;АСТ;876;/books/894668/
631;Кортик. Бронзовая птица. Выстрел. Водители;Рыбаков Анатолий Наумович;Азбука;875;/books/914164/
632;Темный лес;Лю Цысинь;Fanzon;932;/books/622004/
633;Братья Карамазовы;Достоевский Федор Михайлович;Азбука;767;/books/914147/
634;Двенадцать стульев;Ильф, Петров;Время;138;/books/630322/
635;Основатель;Пехов, Бычкова, Турчанинова;Альфа-книга;624;/books/192451/
636;Игры Немезиды. Пепел Вавилона. Чужие собаки;Кори Джеймс;Фантастика;1391;/books/873301/
637;Полное иллюстрированное собрание сочинений в одном томе;Кэрролл Льюис;Альфа-книга;1009;/books/250431/
638;Бандит. Некромант;Щепетнов Евгений Владимирович;Эксмо;480;/books/935856/
639;Незапертая дверь;Метлицкая Мария;Эксмо;498;/books/937056/
640;Полное собрание сочинений в одном томе;Толстой Алексей Константинович;Альфа-книга;451;/books/269139/
641;Доживем до понедельника. Ключ без права передачи;Полонский Георгий Исидорович;Азбука;911;/books/939774/
642;Хроники Нетесаного трона. Книга 2. Огненная кровь;Стейвли Брайан;Азбука;911;/books/918097/
643;Полное собрание трагедий в одном томе;Еврипид;Альфа-книга;427;/books/369481/
644;Невеста Ноября. Подарочное издание;Арден Лия;Эксмо;1208;/books/876033/
645;Здесь была Бритт-Мари;Бакман Фредрик;Синдбад;632;/books/835735/
646;Бездушный принц;Ларк Софи;Freedom;625;/books/917419/
647;Князь Агренев. Трилогия в одном томе. На границе тучи ходят хмуро… Оружейникъ. Промышленникъ;Кулаков Алексей Иванович;Альфа-книга;1456;/books/617385/
648;Нефритовые четки. Приключения Эраста Фандорина в XIX веке;Акунин Борис;Захаров;674;/books/120991/
649;Пышка;Мопассан Ги де;Аркадия;274;/books/784413/
650;Предел;Лукьяненко Сергей Васильевич;АСТ;759;/books/802681/
651;Янтарь лорда демонов. Избранная светом;Грон Ольга;Альфа-книга;736;/books/819012/
652;Шантарам. В 2-х книгах;Робертс Грегори Дэвид;Азбука;537;/books/409251/
653;Город Полумесяца. Дом Неба и Дыхания;Маас Сара Дж.;Азбука;1057;/books/916110/
654;Сначала женщины и дети;Пол Джилл;Аркадия;413;/books/714171/
655;Удивительное семейство Аппенцелль;Перес Себастьян;Metamorphoses;2202;/books/869619/
656;Тьма после рассвета;Маринина Александра;Эксмо-Пресс;327;/books/949248/
657;Русский роман;Шалев Меир;Текст;1238;/books/787883/
658;Остров Погибших Кораблей. Человек-амфибия. Голова профессора Доуэля;Беляев Александр Романович;Мартин;318;/books/630423/
659;Дело, которому ты служишь. Дорогой мой человек;Герман Юрий Павлович;Азбука;965;/books/935973/
660;Эхо Миштар. Север и юг;Ролдугина Софья Валерьевна;Эксмо;625;/books/937061/
661;Поддай пару!;Пратчетт Терри;Эксмо;625;/books/915518/
662;Острова;Кружков Григорий Михайлович;Текст;346;/books/764271/
663;Янтарь лорда демонов. Меченная тьмой;Грон Ольга;Альфа-книга;736;/books/817146/
664;Дом драконов;Мартин Джордж Р. Р.;АСТ;1699;/books/860988/
665;Двенадцать стульев;Ильф, Петров;Азбука;2022;/books/463911/
666;Неприкаянная;Соврикова Ольга Геннадьевна;Альфа-книга;784;/books/812227/
667;Семья Мускат;Зингер Исаак Башевис;Текст;1018;/books/737196/
668;Карьера Ругонов. Его превосходительство Эжен Ругон. Добыча;Золя Эмиль;Иностранка;1007;/books/951974/
669;Мастер и Маргарита. С комментариями;Булгаков Михаил Афанасьевич;Фонд «Московское время»;2351;/books/783144/
670;Огненный поток;Гош Амитав;Фантом Пресс;763;/books/900629/
671;Держи марку!;Пратчетт Терри;Эксмо;625;/books/852099/
672;Сезоны любви;Колесова Наталья Валенидовна;Т8;1258;/books/945922/
673;Преступление и наказание. Идиот;Достоевский Федор Михайлович;Азбука;922;/books/914149/
674;Вечера на хуторе близ Диканьки. Миргород. Петербургские повести;Гоголь Николай Васильевич;Азбука;705;/books/926180/
675;Замок. Превращение. Процесс. Полное собрание сочинений;Кафка Франц;Иностранка;1057;/books/912708/
676;Сорок пять;Дюма Александр;Иностранка;855;/books/951758/
677;Дух любви;Дюморье Дафна;Азбука;641;/books/941246/
678;Академия Костлявой. Не будите в некромантке ведьму;Скляр Виктория Владимировна;Т8;1103;/books/943822/
679;Малахитовая шкатулка. Уральские сказы. Уральские были. Повести;Бажов Павел Петрович;Азбука;875;/books/915953/
680;Клуб убийств по четвергам;Осман Ричард Томас;Манн, Иванов и Фербер;798;/books/810083/
681;Что случилось этим летом;Бейли Тесса;Inspiria;497;/books/927066/
682;Злой король;Блэк Холли;Freedom;583;/books/674475/
683;Остров доктора Моро. Человек-невидимка;Уэллс Герберт Джордж;Речь;536;/books/717883/
684;Ересь Хоруса. Книга II. Полет Эйзенштейна. Фулгрим. Сошествие Ангелов (иллюстрированное);Макнилл, Сваллоу, Сканлон;Фантастика;1855;/books/760571/
685;Дракула;Стокер Брэм;Азбука;961;/books/949445/
686;Робинзон Крузо. Дальнейшие приключения Робинзона Крузо. Полное иллюстрированное издание;Дефо Даниель;Альфа-книга;1190;/books/747718/
687;Вы найдете это в библиотеке;Митико Аояма;Манн, Иванов и Фербер;651;/books/876976/
688;Два брата;Элтон Бен;Фантом Пресс;733;/books/417837/
689;Открытая книга;Каверин Вениамин Александрович;Азбука;911;/books/914156/
690;Компромисс. Иностранка. Чемодан. Наши;Довлатов Сергей Донатович;Азбука;911;/books/914145/
691;Дочь тьмы;Стоун Лея;Freedom;650;/books/937507/
692;Малое собрание сочинений;Шукшин Василий Макарович;Азбука;634;/books/914104/
693;Петербургские трущобы;Крестовский Всеволод Владимирович;Азбука;1108;/books/914157/
694;Хаджи-Мурат. Кавказский пленник;Толстой Лев Николаевич;Речь;933;/books/644434/
695;Полное собрание рассказов и пьес в одном томе;Толстой Лев Николаевич;Альфа-книга;427;/books/240266/
696;О дивный новый мир;Хаксли Олдос;АСТ;299;/books/420220/
697;Обитель;Прилепин Захар;Редакция Елены Шубиной;2575;/books/709460/
698;Проклятый лес;Зволинская Ирина;Т8;1273;/books/943806/
699;Женщина в белом;Коллинз Уилки;Качели;1435;/books/843937/
700;Свистать всех на дно! или Кто подставил принцессу?;Филеберт Леси;Т8;1480;/books/948727/
701;Гроздья гнева;Стейнбек Джон;Иностранка;796;/books/912762/
702;Сфера;Эггерс Дэйв;Фантом Пресс;721;/books/949246/
703;Трое для одного;Ролдугина Софья Валерьевна;Т8;1962;/books/860028/
704;Реннвинд. Сердце тьмы;Стенберг Леа;АСТ;649;/books/935630/
705;Посмотрите на меня;Басинский Павел Валерьевич;Редакция Елены Шубиной;986;/books/947227/
706;Иосиф Бродский. Стихотворения и поэмы. В 2-х томах. Комплект из 2-х книг;Бродский Иосиф Александрович;ИГ Лениздат;2248;/books/566349/
707;Дар;Набоков Владимир Владимирович;Corpus;669;/books/875197/
708;Все реки петляют. От Альбиона до Ямайки;Калашников Сергей Александрович;АСТ;513;/books/947450/
709;Такое долгое странствие;Мистри Рохинтон;АСТ;804;/books/947176/
710;Собрание сочинений. В 6-ти томах;Бродский Иосиф Александрович;ИГ Лениздат;6988;/books/750359/
711;Что сказал покойник;Хмелевская Иоанна;Аркадия;528;/books/839989/
712;Я случайно, господин инквизитор! Или охота на Тени;Филеберт Леси;Т8;1585;/books/948728/
713;Серебряное озеро;Стриндберг Август Юхан;Текст;197;/books/825487/
714;Корона из золотых костей;Арментроут Дженнифер;АСТ;902;/books/860877/
715;В погоне за счастьем, или Мэри-Энн;Дюморье Дафна;Азбука;648;/books/923457/
716;Дюна;Герберт Фрэнк;АСТ;374;/books/875702/
717;1881;Акунин Борис;АСТ;533;/books/930806/
718;Понедельник начинается в субботу;Стругацкий, Стругацкий;АСТ;308;/books/486543/
719;Собачье сердце;Булгаков Михаил Афанасьевич;АСТ;234;/books/690049/
720;А. Смолин, ведьмак. Книга 7. Злые игры;Васильев Андрей Александрович;Т8;1574;/books/917402/
721;Малютка Интрига;Донцова Дарья Аркадьевна;Эксмо-Пресс;345;/books/947628/
722;Люди ночи;Форд Джон М.;fanzon;583;/books/948299/
723;Испанская дочь;Хьюс Лорена;Inspiria;662;/books/940353/
724;Королева Ничего (#3);Блэк Холли;Freedom;583;/books/734349/
725;Мария Антуанетта. Мария Стюарт;Цвейг Стефан;Азбука;875;/books/942472/
726;Академия пяти стихий. Возрождение;Матлак Ирина Александровна;Альфа-книга;624;/books/593402/
727;Колдун из клана Смерти;Пехов, Бычкова, Турчанинова;Альфа-книга;624;/books/155509/
728;Клятва воров;Пирсон Мэри Э.;АСТ;850;/books/941317/
729;Книжный вор;Зусак Маркус;Like Book;710;/books/762723/
730;Дракула;Стокер Брэм;Манн, Иванов и Фербер;526;/books/935400/
731;Наперегонки с Луной;Ли Стейси;Аркадия;317;/books/792209/
732;Голодные игры. Новое издание;Коллинз Сьюзен;АСТ;577;/books/769280/
733;Королевство пепла;Маас Сара Дж.;Азбука;965;/books/914293/
734;Забери меня отсюда;Ролдугина Софья Валерьевна;Т8;2446;/books/879758/
735;Женщина в песках. Лучшее;Абэ Кобо;Иностранка;911;/books/935661/
736;Авиатор;Водолазкин Евгений Германович;Редакция Елены Шубиной;986;/books/526225/
737;Стезя смерти;Попова Надежда Александровна;Т8;2007;/books/788229/
738;Повести;Быков Василь Владимирович;Речь;1126;/books/624020/
739;Орден Крона. Банда изгоев;Малкина Нина;Эксмо;650;/books/944719/
740;Книга несчастных случаев;Вендиг Чак;Inspiria;583;/books/923969/
741;Жизнь Арсеньева;Бунин Иван Алексеевич;Речь;936;/books/655791/
742;Роза;Васякина Оксана Юрьевна;Новое литературное обозрение;429;/books/940173/
743;Женский портрет;Джеймс Генри;Время;256;/books/597250/
744;Стихотворения;Мандельштам Осип Эмильевич;Речь;1011;/books/672142/
745;Кармен;Мериме Проспер;Издательский дом Мещерякова;971;/books/561603/
746;Ловец человеков + Ради всего святого;Попова Надежда Александровна;Т8;1473;/books/785649/
747;Золотой жук. Рассказы;По Эдгар Аллан;Речь;517;/books/660285/
748;Панк 57;Дуглас Пенелопа;АСТ;669;/books/940197/
749;Откровение в Галисии;Редондо Долорес;Inspiria;710;/books/939346/
750;Яшмовая магическая академия. Драконий Словарник;Колесова Наталья Валенидовна;Т8;1604;/books/941876/
751;Она любит плохих парней;Хилл Алекс;Like Book;480;/books/934867/
752;Требуется няня;Кросс Джорджина;АСТ;558;/books/944132/
753;Снежный цветок и заветный веер;Си Лиза;Аркадия;614;/books/613457/
754;Ведьма тебе в помощь;Вайс Лора;Альфа-книга;752;/books/834988/
755;Горе от ума;Грибоедов Александр Сергеевич;АСТ;199;/books/515685/
756;Виолета;Альенде Исабель;Иностранка;705;/books/935957/
757;Под завесой страха;Шарифф Самия;Аркадия;291;/books/792207/
758;История одной семьи;Вентрелла Роза;Аркадия;437;/books/785219/
759;Держи друзей близко;Харрис Жанель;Феникс;1003;/books/938603/
760;Некоторые не попадут в ад;Прилепин Захар;АСТ;804;/books/730694/
761;Понедельник начинается в субботу. Сказка о Тройке;Стругацкий, Стругацкий;АСТ;1407;/books/868881/
762;Книга ночи;Блэк Холли;Freedom;965;/books/896423/
763;Призраки парка Эдем;Эбботт Карен;Фантом Пресс;733;/books/932515/
764;История одного города. Господа Головлевы. Сказки;Салтыков-Щедрин Михаил Евграфович;Азбука;843;/books/914165/
765;Трагедии;Шекспир Уильям;Иностранка;843;/books/912783/
766;Былины. С комментариями В. Я. Проппа и Б. Н. Путилова. В 2-х томах. Том 1;Без автора;Альма-Матер;1709;/books/868800/
767;Все закончится на нас;Гувер Колин;Эксмо-Пресс;437;/books/926315/
768;По холодным следам;Джентри Эми;Аркадия;461;/books/801290/
769;Академия Арктур. Жена волка;Лайм Сильвия;Т8;1447;/books/941418/
770;Хроники Нетесаного трона. Книга 1. Клинки императора;Стейвли Брайан;Азбука;911;/books/918096/
771;Ада, или Отрада;Набоков Владимир Владимирович;Corpus;1083;/books/868520/
772;Солнце полуночи;Майер Стефани;АСТ;1083;/books/811027/
773;Жены и дочери;Гаскелл Элизабет;Иностранка;1170;/books/939376/
774;Харчевня королевы Гусиные Лапы;Франс Анатоль;Текст;254;/books/792578/
775;Скиталец. Страшные сказки;Князь Анастасия;Т8;1146;/books/935231/
776;Карамельная кофейня. Эльфам вход запрещен!;Рэй Теона;Т8;977;/books/941419/
777;Академия пяти стихий. Иссушение;Матлак Ирина Александровна;Альфа-книга;624;/books/587804/
778;Проклятье Жеводана;Гельб Джек;Like Book;540;/books/930216/
779;Последнее желание. Меч Предназначения. Кровь эльфов. Час Презрения. Крещение огнем. Башня Ласточки;Сапковский Анджей;АСТ;2575;/books/732950/
780;Триумфальная арка;Ремарк Эрих Мария;АСТ;353;/books/599528/
781;Финансист. Титан. Стоик. Романы;Драйзер Теодор;Иностранка;1021;/books/912699/
782;Улица светлячков;Ханна Кристин;Фантом Пресс;746;/books/860651/
783;Истина в твоём прикосновении;Окер Ким Нина;Freedom;667;/books/943131/
784;Голем и Джинн;Уэкер Хелен;Иностранка;855;/books/949319/
785;Птицеферма;Солодкова Татьяна Владимировна;Альфа-книга;784;/books/830755/
786;Греческие и римские мифы От Трои и Гомера до Пандоры и «Аватара»;Матышак Филипп;Манн, Иванов и Фербер;1034;/books/758985/
787;Госпожа Бовари;Флобер Гюстав;Речь;1003;/books/627447/
788;Отсчёт. Топи;Голобокова Мария;Т8;1817;/books/937620/
789;Лунный камень;Коллинз Уилки;Качели;1321;/books/823014/
790;Хозяйка неблагого двора;Яр Юлия;Т8;1167;/books/943813/
791;Ананас на ёлке;Донцова Дарья Аркадьевна;Эксмо;540;/books/940653/
792;Собрание сочинений в одном томе;Высоцкий Владимир Семенович;Альфа-книга;902;/books/265940/
793;Эльф ведьме не товарищ;Андрианова Татьяна;Альфа-книга;496;/books/180532/
794;И вспыхнет пламя. Новое издание;Коллинз Сьюзен;АСТ;577;/books/778546/
795;Беглецы;Син Энн;Аркадия;422;/books/817491/
796;Золотые земли. Совиная башня;Черкасова Ульяна;Эксмо;607;/books/837777/
797;Всадник без головы;Майн Рид Томас;Лабиринт;552;/books/799161/
798;Экзотеррика. Квантовый скачок;Головачев Василий Васильевич;Эксмо;564;/books/938063/
799;Обезьяна зимой;Блонден Антуан;Текст;189;/books/822183/
800;Тарас Бульба;Гоголь Николай Васильевич;АСТ;278;/books/621166/
801;Перо бумажной птицы;Михалкова Елена Ивановна;АСТ;604;/books/912415/
802;Зимний солдат;Мейсон Дэниел;Фантом Пресс;746;/books/854252/
803;Полное собрание романов в одном томе;Оруэлл Джордж;Альфа-книга;1096;/books/877347/
804;Корморан Страйк. Книга 5. Дурная кровь;Гэлбрейт Роберт;Иностранка;1057;/books/912668/
805;Загадочные свитки;Бортников Сергей Иванович;Вече;339;/books/949347/
806;Тебя все ждут;Понизовский Антон Владимирович;Редакция Елены Шубиной;902;/books/944941/
807;"Операция ""Сентябрь""";Трифонов Сергей Дмитриевич;Вече;339;/books/939311/
808;Сумерки;Майер Стефани;АСТ;902;/books/816167/
809;Парадокс лося;Туомайнен Антти;Синдбад;632;/books/939641/
810;Царство проклятых;Манискалко Керри;АСТ;831;/books/848447/
811;Тревожные люди;Бакман Фредрик;Синдбад;1054;/books/772236/
812;Академия. Начало;Азимов Айзек;Эксмо;1117;/books/918545/
813;Мемуары Дьявола;Сулье Фредерик;Иностранка;1170;/books/912769/
814;Хитроумный идальго Дон Кихот Ламанчский;Сервантес Мигель де Сааведра;Иностранка;1088;/books/912758/
815;Полное собрание повестей, рассказов и  юморесок в 2 томах. Том 1;Чехов Антон Павлович;Альфа-книга;1373;/books/193642/
816;Властелин Колец;Толкин Джон Рональд Руэл;АСТ;1699;/books/726885/
817;Мартин Иден;Лондон Джек;Время;198;/books/621350/
818;Соловей и роза;Уайльд Оскар;Аркадия;502;/books/832466/
819;Анна Каренина;Толстой Лев Николаевич;Азбука;767;/books/914170/
820;Блокадная книга;Гранин, Адамович;Азбука;767;/books/914132/
821;Пути сообщения;Буржская Ксения;Inspiria;564;/books/935870/
822;Брюнетка в академии. Любимая игрушка повелителя;Одувалова Анна Сергеевна;Эксмо;545;/books/941806/
823;Как мы с Вовкой. Едем на юг. Книга для взрослых, которые забыли о том, как были детьми;Асковд Андрей;Бомбора;480;/books/934313/
824;Острова и капитаны;Крапивин Владислав Петрович;Азбука;922;/books/920475/
825;Будь моей Брейшо;Брэнди Меган;Inspiria;667;/books/930212/
826;Гардемарины, вперед! Тетралогия;Соротокина Нина Матвеевна;Азбука;1302;/books/915984/
827;Тысяча и одна ночь. Книга 1. Ночи 1-270;Без автора;Иностранка;1302;/books/912670/
828;Золото Будды;Гулик Роберт ван;Аркадия;666;/books/708459/
829;Богомолье;Шмелев Иван Сергеевич;Речь;615;/books/672170/
830;Знак купидона;Кеннеди Рейвен;Freedom;650;/books/931748/
831;Тайная дочь;Гоуда Шилпи Сомайя;Аркадия;355;/books/678683/
832;Хранительница историй;Пейдж Салли;Иностранка;575;/books/936675/
833;Служба доставки книг;Хенн Карстен Себастиан;Манн, Иванов и Фербер;568;/books/851508/
834;Брат жениха. Поверь мне снова;Безрукова Елена;Т8;1363;/books/948710/
835;Город Полумесяца. Дом Земли и Крови;Маас Сара Дж.;Азбука;965;/books/914288/
836;Дети капитана Гранта;Верн Жюль;Лабиринт;704;/books/782808/
837;Человек в футляре. Избранное;Чехов Антон Павлович;Азбука;855;/books/914172/
838;Под Куполом;Кинг Стивен;АСТ;876;/books/326788/
839;Как быть съеденной;Адельманн Мария;Inspiria;583;/books/930248/
840;Униженные и оскорбленные;Достоевский Федор Михайлович;Речь;1028;/books/631688/
841;Лирика. Поэмы;Ахматова Анна Андреевна;Речь;1164;/books/672799/
842;Книга тайных желаний;Монк Кидд Сью;Аркадия;355;/books/806094/
843;Свадьба на Новый год;Флат Екатерина Владимировна;АСТ;513;/books/944133/
844;Михаил Булгаков - лучшие произведения. Комплект из 4-х книг;Булгаков Михаил Афанасьевич;Эксмо;1953;/books/742000/
845;Московская сага. Трилогия;Аксенов Василий Павлович;Азбука;1088;/books/914133/
846;Женитьба. Игроки;Гоголь Николай Васильевич;Речь;427;/books/634514/
847;Правила вежливости;Тоулз Амор;Эксмо;932;/books/917436/
848;Герои: Человечество и чудовища. Поиски и приключения;Фрай Стивен;Фантом Пресс;803;/books/700215/
849;Порт-Артур. Комплект из 2-х книг (в коробке);Степанов Александр;РуДа;2633;/books/717215/
850;Вечера на хуторе близ Диканьки;Гоголь Николай Васильевич;Рипол-Классик;1338;/books/854914/
851;Третий Рим;Жданов Лев Григорьевич;Вече;382;/books/947400/
852;Элантрис;Сандерсон Брендон;Азбука;843;/books/918095/
853;Последняя ночь у Извилистой реки;Ирвинг Джон;Иностранка;843;/books/912810/
854;Обладать;Байетт Антония Сьюзен;Иностранка;843;/books/506056/
855;Великие тайны океанов. Средиземное море. Полярные моря;Блон Жорж;Азбука;2022;/books/917074/
856;Гаврюша и Красивые. Два домовых дома;Белянин, Касилов;Альфа-книга;800;/books/719696/
857;Ангел скорой помощи;Воронова Мария Владимировна;Эксмо;456;/books/938049/
858;Маскарад;Лермонтов Михаил Юрьевич;Аркадия;274;/books/784414/
859;Крампус, Повелитель Йоля;Бром;АСТ;1031;/books/649771/
860;Как король Эльфхейма научился ненавидеть истории;Блэк Холли;Freedom;965;/books/787652/
861;Ребекка;Дюморье Дафна;Азбука;641;/books/913982/
862;Bella Германия;Шпек Даниэль;Фантом Пресс;746;/books/716509/
863;Темные тайны;Русенфельдт Ханс;АСТ;715;/books/951555/
864;Запретный плод;Искандер Фазиль Абдулович;Текст;1009;/books/938848/
865;Ворон. Полное собрание сочинений;По Эдгар Аллан;Иностранка;1302;/books/912745/
866;Сага о Форсайтах;Голсуорси Джон;Иностранка;1302;/books/912683/
867;Котерия. Пристанище заблудших;Рауз Алекс;Like Book;625;/books/944336/
868;Тихий Дон. В 2-х томах. Том I;Шолохов Михаил Александрович;АСТ;326;/books/511073/
869;Здравствуйте, я ваша ведьма!;Андрианова Татьяна;Альфа-книга;496;/books/175286/
870;Большая грудь, широкий зад;Мо Янь;Эксмо;923;/books/896430/
871;Золотые земли. Птицы Великого леса;Черкасова Ульяна;Эксмо;607;/books/855849/
872;Герой нашего времени;Лермонтов Михаил Юрьевич;АСТ;199;/books/497137/
873;Двенадцать стульев. Золотой теленок. Одноэтажная Америка;Ильф, Петров;Азбука;986;/books/915963/
874;Сага о Форсайтах. В 2-х томах;Голсуорси Джон;Время;1128;/books/575193/
875;Человек из очереди;Тэй Джозефина;АСТ;248;/books/948215/
876;Земля Санникова;Обручев Владимир Афанасьевич;Речь;1024;/books/717881/
877;Лирика. Поэмы;Блок Александр Александрович;Речь;584;/books/672146/
878;Воздушный народ (подарочное оформление). Комплект из 3-х книг;Блэк Холли;Freedom;3773;/books/851562/
879;Грозовой перевал;Бронте Эмили;Качели;826;/books/768946/
880;Профайлер. Комплект из 3-х книг;Омер Майк;Inspiria;1772;/books/907550/
881;Книга Балтиморов;Диккер Жоэль;Corpus;941;/books/599459/
882;Академия;Азимов Айзек;Эксмо;1037;/books/419303/
883;Взгляни на арлекинов!;Набоков Владимир Владимирович;Corpus;669;/books/939806/
884;Ткущие мрак;Пехов Алексей Юрьевич;Альфа-книга;551;/books/817273/
885;Невеста Ноября;Арден Лия;Эксмо;642;/books/842600/
886;Игра престолов. Из цикла Песнь льда и огня;Мартин Джордж Р. Р.;АСТ;1245;/books/197698/
887;Дорогой враг;Каллихан Кристен;Freedom;650;/books/927167/
888;Опадающие цветы вишни. Тринадцать веков японской поэзии;Без автора;Иностранка;911;/books/920836/
889;Община Св. Георгия. Роман-сериал. Второй сезон;Соломатина Татьяна Юрьевна;Феникс;1583;/books/854245/
890;Претендент. Память рода;Вяч Павел;Альфа-книга;448;/books/926159/
891;Академия небытия. Учись или умри до конца;Без автора;Аванта;533;/books/947060/
892;Королевство плоти и огня;Арментроут Дженнифер;АСТ;902;/books/829864/
893;Берен и Лутиэн;Толкин Джон Рональд Руэл;АСТ;902;/books/719742/
894;Царство Греха;Манискалко Керри;АСТ;804;/books/806370/
895;Эшелон на Самарканд;Яхина Гузель Шамилевна;Редакция Елены Шубиной;804;/books/788636/
896;Горчаков. Коммандер;Пылаев Валерий;АСТ;513;/books/942556/
897;Тезка;Лахири Джумпа;Аркадия;341;/books/678682/
898;Замки из песка;Калкатерра Регина;Аркадия;656;/books/784089/
899;Королевская кровь. Сорванный венец. Скрытое пламя;Котова Ирина Владимировна;Эксмо;844;/books/901744/
900;Жребий праведных грешниц (Книги 1-4);Нестерова Наталья Владимировна;АСТ;1135;/books/678841/
901;Полное собрание сочинений в одном томе;Гоголь Николай Васильевич;Альфа-книга;1276;/books/187940/
902;Сойка-пересмешница;Коллинз Сьюзен;АСТ;577;/books/781485/
903;Выйти замуж за эльфа;Андрианова Татьяна;Альфа-книга;496;/books/244650/
904;Евгений Онегин. Подробный иллюстрированный комментарий;Пушкин, Рожников;Проспект;1213;/books/785922/
905;Уральское эхо;Свечин Николай;Эксмо;711;/books/926303/
906;Там, где цветет полынь;Птицева Ольга;Popcorn Books;458;/books/882637/
907;Нам здесь не место;Санчес Дженни Торрес;Аркадия;230;/books/817489/
908;Напоминание о нем;Гувер Колин;Эксмо-Пресс;497;/books/939353/
909;Звёздные войны. Траун. Последний приказ;Зан Тимоти;fanzon;650;/books/935877/
910;Режьте, братцы, режьте. Сборник рассказов;Твен Марк;Текст;707;/books/849545/
911;Человек-комбини;Мурата Саяка;Popcorn Books;400;/books/753352/
912;Две жизни. Подарочное оформление. Том 1;Антарова Конкордия Евгеньевна;Эксмо;1165;/books/940260/
913;Анна среди индейцев;Херринг Пегги;Текст;330;/books/786921/
914;Джейн Эйр;Бронте Шарлотта;Качели;1030;/books/784406/
915;Из крови и пепла;Арментроут Дженнифер;АСТ;831;/books/797861/
916;Госпожа Бовари. Воспитание чувств. Простая душа;Флобер Гюстав;Иностранка;767;/books/920837/
917;Стеклянный трон;Маас Сара Дж.;Азбука;767;/books/914299/
918;Евгений Онегин;Пушкин Александр Сергеевич;Речь;1028;/books/588506/
919;Чужестранка;Гэблдон Диана;Эксмо;1270;/books/819580/
920;Великие тайны океанов. Тихий океан. Флибустьерское море;Блон Жорж;Азбука;2022;/books/917075/
921;Вьюрки;Бобылева Дарья Леонидовна;АСТ;604;/books/764424/
922;Вопреки всему;Поволяев Валерий Дмитриевич;Вече;339;/books/945721/
923;Бабий Яр;Кузнецов Анатолий Владимирович;Речь;930;/books/698553/
924;Ведущий в погибель;Попова Надежда Александровна;Т8;2382;/books/806276/
925;Доктор Живаго и другая проза;Пастернак Борис Леонидович;Азбука;805;/books/914161/
926;Встретимся на Кассандре!;Громыко Ольга Николаевна;Альфа-книга;416;/books/747733/
927;Все эти миры;Тейлор Деннис;fanzon;564;/books/925010/
928;1984;Оруэлл Джордж;Like Book;777;/books/915505/
929;Вырывашка;Бром;АСТ;1797;/books/662734/
930;Мифы и легенды Китая (с иллюстрациями);Ма Чжэнь;Шанс;706;/books/761621/
931;Лес самоубийц;Бейтс Джереми;Аркадия;722;/books/718651/
932;Кролик разбогател;Апдайк Джон;Текст;370;/books/854344/
933;Кафедра. Хозяйка гостиницы;Грекова И.;АСТ;487;/books/947180/
934;Неидеальная невеста, или Любовь не терпит исправлений;Снегирева Ирина Алексеевна;Т8;1290;/books/940418/
935;Сумерки мира;Херцог Вернер;ИД Ивана Лимбаха;321;/books/939770/
936;Илиада. Одиссея. Полное издание в одном томе;Гомер;Альфа-книга;1192;/books/355618/
937;Башня рассвета;Маас Сара Дж.;Азбука;843;/books/914287/
938;Орден Крона. Банда Изгоев;Малкина Нина;Т8;2168;/books/879053/
939;Готрек и Феликс. Третий омнибус;Кинг, Лонг;Фантастика;1546;/books/848596/
940;Тайное место;Френч Тана;Фантом Пресс;733;/books/667552/
941;Сорок первый. Звездный цвет;Лавренев Борис Андреевич;Аркадия;274;/books/806096/
942;Геносказка. Трилогия;Соловьев Константин Сергеевич;Альфа-книга;1216;/books/545228/
943;Тихий Дон. В 2-х томах. Том II;Шолохов Михаил Александрович;АСТ;326;/books/511072/
944;Защита Лужина;Набоков Владимир Владимирович;Corpus;577;/books/820767/
945;Ярилина рукопись (в новой редакции);Козинаки, Авдюхина;АСТ;785;/books/767600/
946;Киллер в сиреневой юбке;Хмелевская Иоанна;Аркадия;520;/books/896604/
947;Режиссер Советского Союза;Тенгриханов Александр;АСТ;513;/books/950253/
948;Это фантастика! Комплект из 2 книг;Булычев Кир;Текст;783;/books/868201/
949;Горе от ума;Грибоедов Александр Сергеевич;Издательский дом Мещерякова;948;/books/591695/
950;Герцогиня. Книга 2;Дант Анна;Т8;959;/books/948251/
951;«Люблю» на  эльфийском;Скляр Виктория Владимировна;Т8;1069;/books/943821/
952;Королевская кровь-6. Тёмное наследие;Котова Ирина Владимировна;Т8;2314;/books/797529/
953;Полное собрание повестей, рассказов и юморесок в 2 томах. Том 2;Чехов Антон Павлович;Альфа-книга;1402;/books/193643/
954;Ледяной палач;Леонов, Макеев;Эксмо;667;/books/941809/
955;Время, назад! и другие невероятные рассказы;Каттнер Генри;Азбука;1302;/books/920849/
956;Тысяча и одна ночь. Книга 2. Ночи 271-719;Без автора;Иностранка;1302;/books/912671/
957;Приключения Тома Сойера;Твен Марк;Издательский дом Мещерякова;1038;/books/580888/
958;451' по Фаренгейту. Повести и рассказы в одном томе;Брэдбери Рэй;Эксмо;1165;/books/900288/
959;Знак четырёх;Дойл Артур Конан;Издательский дом Мещерякова;495;/books/592091/
960;Песнь крови;Райан Энтони;Фантастика;850;/books/948389/
961;Нетерпение сердца. Письмо незнакомки. Звездные часы человечества;Цвейг Стефан;Иностранка;1088;/books/912781/
962;Ведьма Агнета;Потапова Евгения Владимировна;АСТ;442;/books/937889/
963;Как мы с Вовкой. История одного лета. Книга для взрослых, которые забыли о том, как были детьми;Асковд Андрей;Бомбора;480;/books/896427/
964;Женщина, которая умеет хранить тайны;Вавилова, Бронников;Эксмо;480;/books/699219/
965;Александра. Начало;Смит Кара;Т8;2292;/books/943811/
966;Империя бурь;Маас Сара Дж.;Азбука;875;/books/920492/
967;Унесенные ветром;Митчелл Маргарет;Иностранка;875;/books/912737/
968;Король Лир;Шекспир Уильям;Аркадия;502;/books/792216/
969;Утверждение правды;Попова Надежда Александровна;Т8;2284;/books/835986/
970;Полный газ;Хилл Джо;fanzon;692;/books/935879/
971;Записки из Мертвого дома;Достоевский Федор Михайлович;Речь;1235;/books/672150/
972;Мара и Морок;Арден Лия;Эксмо;642;/books/737705/
973;Наследница огня;Маас Сара Дж.;Азбука;843;/books/914298/
974;Грозовой перевал;Бронте Эмили;Манн, Иванов и Фербер;485;/books/935401/
975;Врата Абаддона. Пожар Сиболы. Пропасть выживания;Кори Джеймс;Фантастика;1237;/books/848593/
976;Невеста снежного короля;Доу Джейн;Альфа-книга;672;/books/652553/
977;Память - это ты;Бас Альберт Бертран;Фантом Пресс;733;/books/937163/
978;С жизнью наедине;Ханна Кристин;Фантом Пресс;733;/books/653020/
979;Дом, в котором...;Петросян Мариам;Livebook;1586;/books/219394/
980;Отцы и дети;Тургенев Иван Сергеевич;Речь;933;/books/630372/
981;Сумасшедший корабль;Форш Ольга Дмитриевна;Редакция Елены Шубиной;623;/books/947223/
982;Сашка. Повести и рассказы;Кондратьев Вячеслав Леонидович;Речь;1021;/books/672158/
983;KGBT+;Пелевин Виктор Олегович;Эксмо;1083;/books/882279/
984;Когда запоют мертвецы;Харт Уна;Inspiria;667;/books/830118/
985;Женщины Лазаря;Степнова Марина Львовна;Редакция Елены Шубиной;804;/books/767313/
986;Теплица над Ист-Ривер;Спарк Мюриэл;Текст;198;/books/718570/
987;Золотые земли. Сокол и Ворон;Черкасова Ульяна;Эксмо;607;/books/811878/
988;42 дня;Силен Эдгар;КомпасГид;1612;/books/695071/
989;Колдовской апрель;фон Арним Элизабет;Livebook;547;/books/834912/
990;Библиотекарь;Елизаров Михаил Юрьевич;Редакция Елены Шубиной;941;/books/719241/
991;Звёздные войны. Звезда Смерти;Ривз, Перри;fanzon;650;/books/936519/
992;Бель-Роз;Ашар Амедей;Вече;593;/books/938245/
993;Ад Данте;Алигьери Данте;АСТ;1602;/books/883952/
994;ТТ, или Трудный труп;Хмелевская Иоанна;Аркадия;538;/books/896602/
995;Учебник выживания для неприспособленных;Гунциг Томас;Текст;266;/books/761276/
996;Сто лет одиночества;Гарсиа Маркес Габриэль;АСТ;533;/books/487503/
997;Сага о Бельфлерах;Оутс Джойс Кэрол;Текст;1664;/books/826055/
998;Рассечение Стоуна;Вергезе Абрахам;Фантом Пресс;746;/books/530576/
999;Портрет Дориана Грея;Уайльд Оскар;АСТ;234;/books/589212/
